{
	"web": {
		"client_id": "47053411154-1le5b9msmi6i12u8p5aoq3d9pn5nfu84.apps.googleusercontent.com",
		"project_id": "btp-automation-trial-100722",
		"auth_uri": "https://accounts.google.com/o/oauth2/auth",
		"token_uri": "https://oauth2.googleapis.com/token",
		"auth_provider_x509_cert_url": "https://www.googleapis.com/oauth2/v1/certs",
		"client_secret": "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",
		"redirect_uris": [
			"http://localhost:8080/"
		],
		"javascript_origins": [
			"http://localhost:8080"
		]
	}
}