<?xml version="1.0" encoding="UTF-8"?>
<metadata xml:lang="en"><Esri><CreaDate>20180718</CreaDate><CreaTime>09005100</CreaTime><ArcGISFormat>1.0</ArcGISFormat><SyncOnce>TRUE</SyncOnce><DataProperties><lineage><Process ToolSource="c:\arcgis\desktop10.5\ArcToolbox\Toolboxes\Data Management Tools.tbx\CalculateField" Date="20180717" Time="140910">CalculateField WRS2_acc_desc_Draft WRSPR [WRSPR_1] VB #</Process><Process ToolSource="c:\arcgis\desktop10.5\ArcToolbox\Toolboxes\Data Management Tools.tbx\CalculateField" Date="20180717" Time="141000">CalculateField WRS2_acc_desc_Draft PR [PR_1] VB #</Process><Process ToolSource="c:\arcgis\desktop10.5\ArcToolbox\Toolboxes\Data Management Tools.tbx\CalculateField" Date="20180717" Time="141210">CalculateField WRS2_acc_desc_Draft ACQDayL7 [DAYCLASS_L] VB #</Process><Process ToolSource="c:\arcgis\desktop10.5\ArcToolbox\Toolboxes\Data Management Tools.tbx\CalculateField" Date="20180717" Time="141256">CalculateField WRS2_acc_desc_Draft ACQDayL8 [DAYCLASS_1] VB #</Process></lineage></DataProperties></Esri></metadata>
